{"schemaVersion":"1.0","appDefinitionTemplate":{"id":"/providers/Microsoft.PowerApps/apps/","type":"Microsoft.PowerApps/apps","tags":{"primaryDeviceWidth":"1366","primaryDeviceHeight":"768","sienaVersion":"20221203T165444Z-3.22111.28.0","deviceCapabilities":"","supportsPortrait":"false","supportsLandscape":"true","primaryFormFactor":"Tablet","publisherVersion":"3.22111.28","minimumRequiredApiVersion":"2.2.0","hasComponent":"false","hasUnlockedComponent":"false","isUnifiedRootApp":"false"},"properties":{"appVersion":"2022-12-03T16:54:44Z","lifeCycleId":"Published","createdByClientVersion":{"major":3,"minor":22111,"build":28,"revision":0,"majorRevision":0,"minorRevision":0},"minClientVersion":{"major":3,"minor":22111,"build":28,"revision":0,"majorRevision":0,"minorRevision":0},"backgroundColor":"rgba(168, 0, 0, 1)","backgroundImageUri":"/9954008632931320713/N14c4fb72-218b-4183-a6c4-c18a545e6d7b-logoSmallFile","displayName":"Advent Calendar","description":"Created by Louicha","commitMessage":"","appUris":{"documentUri":{"value":"/9954008632931320713/N9a8b1924-8028-4f85-afae-4a4ad5d982c9-document.msapp"},"imageUris":[],"additionalUris":[]},"createdTime":"0001-01-01T00:00:00Z","lastModifiedTime":"0001-01-01T00:00:00Z","sharedGroupsCount":0,"sharedUsersCount":0,"icons":{"smallIconUri":"/9954008632931320713/Na6c0eb89-7b0c-4846-ba69-7a5fe53d8010-small.png","mediumIconUri":"/9954008632931320713/N993ae2ba-0e49-4315-95ff-3aa1a3e89d62-medium.png","largeIconUri":"/9954008632931320713/Ndb89905d-94b9-42fe-89d8-e3eb0d0ba19b-large.png","wideIconUri":"/9954008632931320713/Nc9129420-7236-41ac-8db3-fe7e4157359d-wide.png"},"connectionReferences":{"09df1f7b-93ed-4fb0-82e4-5dcc7f68f5cc":{"id":"26447cf6-09f6-4a77-b524-64002ee23910","displayName":"SharePoint","iconUri":"https://connectoricons-prod.azureedge.net/releases/v1.0.1610-greyhound-localization-RelayFix/1.0.1610.3091/sharepointonline/icon.png","dataSources":["Advent Calendar"],"dependencies":[],"dependents":[],"parameterHints":{},"parameterHintsV2":{},"isOnPremiseConnection":false,"bypassConsent":false,"dataSets":{"https://lrprivattest.sharepoint.com/sites/intranet":{"dataSources":{"Advent Calendar":{"tableName":"d6943407-30ff-45e5-96bc-a80098ea8326"}}}},"apiTier":"Standard","isCustomApiConnection":false,"actions":["providers/PowerPlatform.Governance/Operations/Read"]}},"databaseReferences":{},"almMode":"Environment","performanceOptimizationEnabled":true,"canConsumeAppPass":true,"enableModernRuntimeMode":false,"executionRestrictions":{"isTeamsOnly":false,"dataLossPreventionEvaluationResult":{"status":"Compliant","lastEvaluationDate":"2020-11-16T20:40:17.4718554Z","violationDetails":[]}}},"appType":"ClassicCanvasApp","appComponents":[]}}