{"schemaVersion":"1.0","appDefinitionTemplate":{"id":"/providers/Microsoft.PowerApps/apps/","type":"Microsoft.PowerApps/apps","tags":{"minimumRequiredApiVersion":"2.2.0"},"properties":{"appVersion":"2020-01-21T21:34:29Z","lifeCycleId":"Published","createdByClientVersion":{"major":3,"minor":19123,"build":15,"revision":0,"majorRevision":0,"minorRevision":0},"minClientVersion":{"major":3,"minor":19123,"build":15,"revision":0,"majorRevision":0,"minorRevision":0},"backgroundColor":"rgba(0, 134, 208, 1)","backgroundImageUri":"/1662089592579419/N369259be-ac0e-4205-9fa8-bd1b611a090a-logoSmallFile","displayName":"Ideas","description":"App for collecting Ideas","commitMessage":"","appUris":{"documentUri":{"value":"/1662089592579419/N0c4b1381-3d10-43a4-9ace-63b093d2e750-document.msapp","readonlyValue":"/1662089592579419/N0c4b1381-3d10-43a4-9ace-63b093d2e750-document.msapp"},"imageUris":[]},"createdTime":"0001-01-01T00:00:00Z","lastModifiedTime":"0001-01-01T00:00:00Z","sharedGroupsCount":0,"sharedUsersCount":0,"icons":{"smallIconUri":"/1662089592579419/N15128582-8b34-4234-8480-f9b3f3c995b5-small.png","mediumIconUri":"/1662089592579419/Nb90ce9f5-2966-4350-b294-f8932f1cca61-medium.png","largeIconUri":"/1662089592579419/N94506e6e-41d4-4fa9-916c-18685df0f702-large.png","wideIconUri":"/1662089592579419/N047ffcd7-fa3d-441e-97ec-3e0043af03bf-wide.png"},"connectionReferences":{"5bf139db-8a5d-4f0a-ab19-c5653bb3fa6b":{"id":"26447cf6-09f6-4a77-b524-64002ee23910","displayName":"SharePoint","iconUri":"https://connectoricons-prod.azureedge.net/sharepointonline/icon_1.0.1299.1858.png","dataSources":["Ideas"],"dependencies":[],"dependents":[],"parameterHints":{},"isOnPremiseConnection":false,"bypassConsent":false,"dataSets":{"https://lrprivattest.sharepoint.com/sites/newsaboutoffice":{"dataSources":{"Ideas":{"tableName":"29b10afc-a091-494a-93ea-f396c9754219"}}}},"apiTier":"Standard","isCustomApiConnection":false}},"databaseReferences":{},"almMode":"Environment","performanceOptimizationEnabled":false,"canConsumeAppPass":true},"isAppComponentLibrary":false,"appComponents":[]}}